X1,X2,Y,delta
1.3716168384983685,0.11540374797349251,10.466694307232405,1
0.9507249769453242,-0.9348110732251987,1.1317803886234596,1
-0.2129614032935462,-0.1418718262144835,4.575618528283503,1
-0.8424415363111042,-1.0497350830094023,6.12734809694651,0
-0.679618916544841,1.546613568699737,0.8035511079087179,0
-1.3222967017135507,-1.9445227285400102,19.1011786114932,1
-0.4920257094434021,-1.2709009416508616,5.417243422474851,1
0.09733991908911122,-0.3739935762912047,1.8288728047618075,1
1.2350019500757525,1.0467603105517798,2.6335188027786955,1
0.8851563962893267,-0.5697958376581344,5.55508491567785,0
0.5226390816183124,0.87857384451918,2.1201386685769297,0
-0.08760093530329774,0.516726871234353,2.0608708501171566,1
-1.0135516043915094,-0.08016439500310812,13.858193709262416,0
-0.6913629142937091,0.20949470799530204,2.5259481453905037,0
-0.340152692889307,-1.0322885377145214,0.9114607737291159,1
-0.8187342991867007,-0.22354457483644902,14.35177667794942,1
-0.43515605816361114,-0.07180257315188324,7.732085934651064,0
0.001816908062524103,-0.17039214284403004,2.4176825593953817,0
-0.7363283294671865,-1.1542202864740507,0.4227736918822503,1
-0.6930407997023024,-1.266285699879857,7.198348323824138,1
-0.4811437944306259,-0.3310490653932594,0.289382662353395,0
2.5895905743199146,1.3578857878114645,1.4791297562836052,0
0.5549388848969621,0.09648414148765017,4.2911483298349,1
0.7066128851468345,0.7401250913945223,5.358189449655989,0
-0.590802584409057,-0.9734676585911303,3.0263246605202734,0
1.0570303897988491,1.3417065413003104,6.772065184680877,0
-0.7779342201108538,-0.9712178676621045,16.50097667642806,1
1.6138428326772762,1.2991488932405384,5.290492819846618,1
-0.2357361110984468,-0.06990703246379625,11.44186787007456,1
1.0411577029038934,0.8197015154299852,8.092803513313424,0
0.6721513344684125,-0.2693971815386703,11.753334009923355,0
1.6550449976210593,1.1053110017969903,3.7188113926671686,1
0.009408755123525792,-0.39347608478538165,3.4980090626521596,1
0.45260911179873664,0.03829350565060591,6.345117015411514,1
-1.53276530795691,0.5472400147858003,13.950396486128508,0
-0.20330548934095294,-0.9479629081342924,4.627744022055157,1
2.767443854994282,1.7069891994155775,2.78174358352217,0
0.9191180303711786,1.1900058899728976,4.301203265747533,1
0.5787484922416822,-0.45842739617077566,4.579599115161574,1
0.007493951200344143,-0.13879383425143665,3.382877761594693,1
-2.3453133352771873,-0.5632857244553442,6.309164870607638,0
-0.5200173506105839,-0.34326700449667197,4.3682550264604,1
1.1642755153918347,0.2943204752529707,6.495160399744573,1
0.03420655933871895,-0.1821291527931551,0.9500575391576973,1
1.7246714971943111,1.8548182197070533,15.780282971115815,0
0.8667786554290414,0.8351390424160547,1.2386933252050445,0
-1.14731709746408,-2.4219757512884694,7.492001607760822,0
0.3087885336008073,-0.6854604075414934,4.769301576871772,1
0.01508137074065178,0.10607548352642385,2.6388241143845015,0
0.7077218720090243,-0.5146083116861626,6.884025687637366,1
0.5239470736385023,1.2403324617256912,5.4426266446763725,0
1.2212479826430416,1.3493068392656664,4.15054152175713,1
0.5823206468440767,1.157421634648513,5.846867300237547,1
0.9977438133295824,1.7270496286916206,6.123484166119427,1
-0.5918732132915487,1.9263936318768944,3.5013172563197204,0
-2.043306385692485,-0.5891104985427283,20.33186992823189,1
-0.18026381714086148,1.6597315199385667,14.461995864312795,0
0.7183472601841883,0.8283627135420611,3.7062716525366084,1
-0.8161307262266128,1.2281042058652802,15.67550408893502,0
0.09676862880918669,1.1182968267900155,3.5452264621819807,1
-1.3776496742148379,-0.897590528575451,0.3070057486637967,0
1.230731917627276,0.44417469834870577,4.529659310551987,0
1.165515360771303,-0.6896525931571845,1.496933304480344,0
0.8357339391815735,0.23363533539396197,4.247039535394557,0
-0.6218078458783577,-0.4305143868339356,6.745766661719963,0
0.07698632773251846,-1.310436382320737,5.887244749882541,1
-0.5587159116136909,-2.033313467836894,8.858747046664606,1
-0.8675621263972534,0.4325934548289476,1.5768082695429222,0
-0.19894158030375259,-0.17257258101443582,13.939802739739784,1
1.1654062908311738,1.4507092837736482,4.829811313558935,1
0.3203717092124885,1.3632028199315254,3.1739330777294765,1
0.40931910047174536,1.0464570513893399,0.7749825739436813,1
0.5043820037580522,0.22483295270466472,12.360148840193538,1
0.4644472635486501,0.4255284812834723,4.689806545253481,0
0.2199458938969613,1.4342067483240508,4.47916635961797,1
0.6261217263780474,0.9608136336143686,0.6657312131422692,0
-0.24243394977045188,-0.3424989552397232,14.610499899446133,1
0.44160651188776534,1.1928808561077742,10.157555521235217,1
-0.08365194156140872,-0.3163084981979134,0.9476961935106231,0
1.1251245519216788,1.2902560107177967,5.281548763092534,1
0.4664499118117349,0.9547835922943098,8.692750602408003,1
0.203477391717447,-0.8222477802538747,3.426882433306499,1
-0.023541739256201455,-0.6171074586432426,4.758861944991363,0
-0.31827497539463007,-0.4387741967746698,4.028191977319735,1
0.4187285529964282,1.4703833820248597,1.3358217821920515,0
-0.46329902780954446,-0.6806405826023221,2.0972454570914056,1
-0.27284029628712936,-0.5857309392443509,5.506660255838061,0
-0.371047835584117,-0.3914919092187698,6.012055383633321,0
-2.8189623286785617,-2.650384043076857,4.630278339512927,1
1.1493806124583381,2.0986639860693166,12.788716321154274,1
1.6163016123759584,0.130763399985512,4.621883254384672,1
-1.6304122866204032,-1.547910973317338,17.692370303988344,1
1.1831680503956368,-0.6295618371022021,5.154949624098042,0
-0.48782030291038003,1.3276805588525473,13.822510037403426,0
-0.9001311046424746,0.43836207114564707,16.63855460615183,1
0.5359380986817293,0.8615695594863357,0.7965118200952241,0
0.8911409077638303,-1.9630079835791059,13.949895775817362,1
0.8858210820993488,1.0774895891514733,2.1551962340573803,0
-0.8656339125102168,0.26409344660622097,5.595791206107962,1
0.14662855759304394,0.5945799303903478,7.637332249981082,1
1.125559854703848,1.3751221925282295,4.436995304159552,0
-0.4768143550212707,-1.5501266598572032,15.567695781261271,1
-0.12534191994194477,2.2409507188983833,13.240279551082708,0
0.0972691827397447,-0.10871502245085442,2.981857783727522,0
-1.4105156006896031,0.34530493503776416,3.719334290612634,0
0.8686447452672736,1.6134376742301355,5.710783703304497,1
-2.8723739934814634,-2.0716959394655055,11.584922419433129,0
-1.2106089771497808,1.901941633760774,8.028193044052932,1
1.5032865882960205,1.2027527532381739,9.054333974876162,1
1.8811265360135137,1.3440323000659673,11.073499890324193,1
-0.7996563004880277,-0.6756125170618185,6.158850593631354,0
2.6296185910669365,1.495058070385335,12.462063587065886,1
0.4382138917211239,0.27689460400720817,4.336320507222679,1
1.0117647883774825,1.067593270866705,3.6996676596202027,1
-0.12707430977778866,-2.2806462136412597,14.553927615857223,1
-0.48801275435202646,-0.7804059685773778,6.896634320915695,1
-1.0506671664927627,0.23057867702209645,6.504685466782645,0
-0.37557250009310716,0.08598856414372563,5.6791056263404744,1
0.2626144697556555,-0.8306753350826988,0.8468077248212103,1
0.6788466485997564,1.190063624566026,6.532370965495823,1
-0.6600221079939381,-0.5872861121430837,13.422823070231747,1
-0.9706789061999519,0.34417113149703177,4.00734787054408,0
-0.014250212843493065,0.16138495549613902,0.1529735379902536,0
-0.2667559047599908,0.2575433071696727,2.9045561902974644,0
-1.5787204607454601,-0.26177944741255754,2.8136664001398537,1
1.070729517337449,1.9393228527703013,12.651954902531159,1
-1.7755410885763663,-1.3629715239707945,1.8713322212344752,0
-2.490751073226439,-1.5908138005894623,9.503812216503245,1
0.25504641140233886,-0.6048779900712721,0.4478091768126772,1
1.2765261722616943,0.06149668176200351,1.580337364771631,0
0.0686288935171957,-0.7732110515268751,3.262478989856316,1
0.33693931596844123,0.9799115038217967,2.426057618597,1
0.39041951239710526,1.0033835053134665,10.132953643803326,1
-0.37828788729315876,-0.6947645354814282,4.1928382136617035,1
-0.48229956489577197,-0.24342717586703216,5.737885006264173,0
-1.0474737688270288,-1.9975837271790629,21.548502909497948,1
-0.49407082975994426,0.5819516263423856,8.639584633510937,0
0.22897293747369019,-0.3124193092206768,3.2703441793330463,1
-0.16543525568265682,1.1947717290846114,1.462057897625492,0
0.3420710310753145,-0.3828190048794894,0.2229937589338099,1
0.3719366898551999,1.9130053851485656,6.168941256347612,1
0.13799477055654635,-0.9367650560787304,2.604340272915647,1
0.07234475689751485,-1.6398941919271577,7.483593015693048,1
1.7955855602600637,1.5184512681120366,10.990353593207107,1
-0.27856202760850024,-0.3628953698387449,1.3547697417914644,0
-1.1548965846951076,-1.0496896329418381,13.608791554897213,1
0.8274565180755543,-0.09226876718578175,0.1901872872446268,0
-0.07829266002844792,1.1985099613639678,4.637028163666503,1
-0.713021744858171,0.8705722614289835,15.953560061679674,1
-0.36391321684301176,0.8273517301314313,12.876670989579653,0
0.37193060390622823,-0.3034352422337445,3.7650202145069427,0
0.09565589189078527,-0.6326783325759451,1.9222793840639762,1
0.4294510390725691,-0.6971402136043952,9.628785461374905,1
0.5438650370419388,-0.4585372768440244,13.2614425644708,1
-1.127976328178772,0.2419014986552725,6.903822258429821,0
-0.03333096684501443,-0.014057121051076971,3.894723049391305,1
0.3627719358088314,-0.8515661792891334,1.0473047667535649,1
-0.38004649567275817,-1.8544288454249294,5.0977068108274874,0
0.08741366775355885,-1.2188575537324566,1.4696178693124429,0
-0.04943297943769903,-0.13147743980416182,4.200417037413025,1
2.2703212553535903,1.5763882257857502,11.167623338413563,1
-0.3472625596099279,1.476057285297851,19.38986887156088,1
0.29345557092108676,1.4622649026232928,4.258000840657629,0
1.4692470585987665,0.034239935012739364,8.498779912198957,1
0.4382496163640717,-0.5798020960952912,3.4912489478796163,0
-0.8018393645445374,-0.5052442463410919,8.619821355195455,1
-1.094263242963429,-0.34042724251125617,12.786736259545634,1
-0.5203822921081692,-0.40343295174197746,15.908377317330267,1
0.6519426521682211,-0.03742930505473707,12.457479879833912,0
1.144260939380875,-0.294703985044502,2.99139813569745,1
1.887709194932572,0.11605652750236573,8.042615256255855,1
0.8155151220495434,0.468703108741355,20.029202125239543,1
-0.5562164129656355,1.4887857253004424,13.709136234207353,1
0.45159071042804017,0.23369624337308686,4.3411318415697195,1
0.9789255438534635,-0.7411817111582074,3.07971266967947,1
-1.2270243890410772,-0.3908107621260444,3.4755158510390145,1
-0.22964219188444662,0.931427447464121,1.9875855073306599,1
-1.137068878565627,0.11414180352638303,9.866049091575295,0
2.1797388308857895,2.066216183294735,4.958799624669105,0
1.3184213139762606,1.182202854768902,5.329672008485677,0
0.116093004241997,0.5442191420827551,2.180127059026082,1
0.6798588592393959,0.38070627308406946,4.457416547257528,1
-0.00025551636288762003,-0.5137337544840009,1.5127686815090375,1
-1.4483248227161551,0.8673974986432056,17.64018143011006,1
0.8380210648648774,1.6145369506871599,12.462022301151098,1
0.6773842863804932,0.2659990310955853,4.222984547971905,1
-0.4951696949924951,0.8222815861559839,14.525861613435824,1
-0.5866078193263442,1.113721951528348,3.0074110538335654,0
-2.62828347741781,-0.8972236053700914,6.755492940119885,0
-0.43858051364455397,-0.35010150002923607,13.014859867365601,0
0.6320418375117942,0.7634037906251193,9.656509841517767,0
0.24220540408243446,0.45134361391842504,2.1261424999225667,1
0.9716417019850077,0.957073839400374,9.532167129989652,1
-1.89773615271983,-1.648046054492495,16.743989140027708,0
-0.6184357629388817,-0.6406642277474587,14.1168473326317,1
-0.770773831740371,0.18856098065223476,7.785502431543355,1
-0.5242777288916673,0.8136596936014909,12.278194204607725,0
-1.057849462178261,-0.4417107279627014,5.2942915231220455,1
0.6623082763712546,1.909049481108448,14.080329686970288,1
0.3625077897535202,-0.2135997158324008,6.136725093364653,1
0.24397598698981177,0.06639528242953664,2.8385357990412476,1
0.56527812657812,0.15835289718962042,3.874644123825446,1
2.135913720323507,1.2866646975307785,1.759729634589748,1
-0.2576331663825849,-0.2627808959269194,11.013455823392205,0
1.7914476730685436,1.122465535463288,2.443518146837503,0
0.451533884041232,-0.5827053345388102,1.110179630930428,0
0.7666428484132022,-0.6938229535881718,4.732081916650137,1
-0.16284491902714582,-1.6068641290860652,9.04433465416781,0
0.46861131640213693,0.24141567151597998,9.469544214760507,1
0.028337223522614058,0.4824021188614839,2.554742323068221,1
0.47444577389877485,0.009413421767204166,3.403799032553639,1
-0.3457105281633879,1.9534291794565304,11.333193424547419,0
-0.1916956325008582,0.7979265888299545,3.0766703089725453,1
0.18621170102237944,0.3659115549654106,0.9878521510585925,1
-0.5019366293886918,-0.22476507402326207,6.075440356138238,1
0.7887984743157941,-0.3919989702388469,5.077409565330981,1
0.4338160816518488,0.9012007142162926,0.3127892461725324,0
-1.8805827109452558,0.45448635121101477,4.1560386016852116,0
1.0167502798369816,1.3839390090525543,6.182675610372877,0
0.7610601626994311,0.22071575940439253,1.9863063257640066,0
-0.17694427975220928,0.34500400512323076,6.623429849414253,0
-0.7112002852320702,0.06183212265136423,4.0490308101567125,1
-0.18794391163049523,-0.13624097948714797,0.9598172959107062,0
-1.5210295131139773,-0.7186151690896221,1.5559280153333017,0
-1.2946093264816998,-0.2751261133103703,1.6495213178594874,0
-0.11498231044265328,-2.109421575045937,10.664794657478541,1
0.513118346101591,-1.301869445531525,0.2663135744983645,0
0.8333325929113187,-0.42845073347891305,7.582036959342541,1
-0.4217780630836629,-0.07976521516654742,7.534810844230638,1
-1.16189525774107,-0.10611349395331804,5.482831366660541,0
0.8396097936588773,0.10321796481524392,15.056609149934545,0
-0.0028862737567348917,-1.1518930173735908,1.4397890246900102,1
-1.0046610026806695,0.3551018682524754,2.1606981250548376,1
0.125675830920342,-0.23744855096269116,4.023897884366955,1
-0.3260169848157396,0.3067951157773033,5.797121236387398,1
2.2028250952387745,0.9703947816437317,7.71327803985399,1
0.09909585670876582,-0.2798139248227184,1.0449812759232002,1
0.16469535289361564,0.40099064531884265,2.8827391912536706,1
0.4950085662415299,0.5963584429061826,2.6735616587174533,1
0.7996150008457303,0.1394527725985581,2.97800380412885,1
1.2599870935134132,0.8587875211127167,4.735542764084039,1
-0.7616436310798964,0.8181767695673341,6.364634440044805,1
1.2856785725478541,1.2812625072169157,1.7456849835387647,0
-1.165983116741102,-0.5606690418456743,17.0896996870802,1
-1.5088856408722706,-1.1137559700592217,12.583995638439873,1
-0.17566013262274593,-0.01816747731894948,2.689108672784041,0
0.27669312710550387,-0.9356867822160158,1.531259492583641,1
1.0315391816565767,0.6148449656884241,5.872615502012387,1
-0.21859641562797585,0.4554576381822275,4.263329465756477,1
-0.4917062559210605,0.43409716636460977,16.346480601758856,1
-0.0551403759536786,-1.1316720008610686,1.9247724738877592,1
0.6007768531007144,0.7856968766375809,15.495700415510507,1
-0.6569975440789511,-1.4396165481840693,7.525665920143022,0
1.4223314478078075,-0.740282072598972,3.6046669303912147,1
-0.5128212033790092,-0.147651301265862,0.5426046293608011,0
0.28701263642930597,-0.5182235027182086,3.316922021812506,0
-0.5594738184483926,-0.8036040900864221,9.851118941027538,1
0.10843428763740959,-1.2150949831171067,2.8564685305538053,0
1.2152790522361279,1.3669123387720066,5.68189314346154,0
1.1104625054318666,-0.5947211215205084,2.79675930616214,0
0.3731060272774782,1.4432659048638845,5.314971647509363,0
0.1725666940843978,-0.7013007280229626,2.702343958152703,0
-0.5643938113490574,0.2583696788158222,1.7130644466215827,1
1.0737474453750493,0.322827289726977,7.195683120546005,1
-0.4872020078316224,-2.4278453347286586,4.937363731711953,1
0.23255296587566626,-1.1624759860662408,4.078417267912334,1
0.9353031348571206,0.24643120361870424,3.709583056784862,1
0.839715768251192,0.7404818451111849,4.804447823826848,1
-0.5404766751351349,1.6647583363043634,13.191656415433174,0
-1.3941874899372084,-0.4640732498960836,8.100507778524193,0
1.3158957253817523,0.8575638586753671,4.484307482406083,1
1.2692543548909425,0.1556784314689933,0.4626588765840398,0
0.2634820607935735,-0.7265047482660918,3.9918904656074194,1
0.7715538488092697,0.6078400418623356,2.204975994414123,1
0.616323910951163,0.5953407311431738,2.57200921410966,1
0.6359405906760638,0.387818925065594,11.502193997716931,1
1.671210699258566,0.13763759839596879,2.0117637009280696,1
0.4650211856375508,0.26301801645381573,7.097971571522357,0
0.26496616837742293,-0.5856255800701016,2.862509383662608,1
0.10346460192951557,-1.0123402052158175,1.85633995786314,0
0.6502522389744432,0.2123774617451419,5.378776723733309,0
0.6154037977735244,-0.4902676156483674,0.7308473605723014,1
2.073055981903698,1.6095369825998058,4.164134731945565,1
0.12549449862640946,0.4376123337858139,1.862749028811074,1
-1.0753507703279483,-1.0236718004276955,14.633232720428941,1
-0.23395759507951194,-0.09104898536111096,18.268422458935312,0
-0.31425167574572455,-1.1158560880815858,2.913859619707644,0
1.9740764407378066,1.0592813727411945,0.6743261699078869,1
-0.4091347198986754,-1.0932900493271571,13.104837030950655,1
0.5282295272387061,0.07397786993195846,12.885560433850777,1
0.7393667206296339,-0.900105588474974,4.690105572565765,0
-1.1945750604576406,-0.8080426768301965,13.664688234373717,0
-0.194366318477313,-0.8811716059209664,9.350749217775615,1
-1.9829115993810964,-1.2064266441371736,0.3250186404271429,0
-1.150039237546249,0.33613170717841045,2.9063805289798634,0
-0.3658991698994319,-0.6045812759754717,4.021425381728317,1
-1.0887792489312909,-0.5115418229492551,1.1923112289478066,0
1.7850141670946795,1.5175677808297454,3.0758301006400233,0
0.07965961443644104,-1.0125783944296456,2.9165132935576117,1
1.023292867098266,2.0022729926210534,5.218281492546714,1
-0.7675366692968622,-0.03369640848442362,0.7896878846327827,1
-0.1200889233098823,0.9012989650379728,9.646087612290346,1
-0.6689046347811954,-1.276997614607646,11.89490645383417,0
-2.045054623905769,-0.3557686142333272,2.3196208622341437,1
-0.3563835926253033,-0.7756337648476795,13.557371220017584,1
-0.08778267906514792,-1.1827568048070436,1.6055210633249575,1
0.11326539999536683,0.9481060946999631,3.486652480689743,1
-0.683975739673543,0.16843996926137944,4.8637368846298665,1
1.1079112339955464,0.2566449644532364,6.951209559528095,1
-0.7740895776916934,-0.4495460022379477,4.3400180626799685,0
-1.4966300470715923,-1.1140065328447917,4.477621440190066,1
1.5612989649145215,0.5573339349112654,1.6784134219749942,0
-0.828678330355652,0.0165552067618715,9.639256561761577,1
-0.00987168842430873,0.2034517098740519,4.3084526472621585,1
0.24258958106477735,-0.10595237778347193,3.552466711784908,1
0.842859311993128,-1.3176178840304071,6.869285431537491,1
0.3299655111648532,0.6772650377909185,2.664866796988443,1
-0.12472012500442026,0.6869909756027106,15.419530349792115,1
-0.6307202129014817,-0.42440166616052843,3.342568821721683,0
1.037426524741538,-0.9278036325549803,9.469955074168814,0
-1.1412867444228671,0.13428738609364244,1.5109236876744996,0
0.9146506099677808,1.1597541494085113,5.509063720064907,0
0.6480825310638848,1.7321321269666528,10.36333560466755,1
-0.9595617937796899,-0.8794559019927545,5.166020275633722,0
0.46067596812235,0.5649363258877362,3.5473546691861153,1
0.6658314997823975,1.3029227377823276,0.34540489597023283,1
-1.4906078443243942,-0.5430276995129735,6.270403733700843,1
0.09513438783081785,0.634140820591941,3.275390529298053,1
-0.9300081484747358,-0.12310991642529329,3.0212640547596887,1
0.13343802610809175,0.4604279993051966,4.991828386561192,1
-0.12745975441697094,-0.17427539094347652,6.980220971485361,1
0.19762893426593356,0.4125993029839882,2.0782766314427614,1
-1.0295347627670979,-0.4134783579125107,0.5380782671354838,0
1.0910314515086008,-0.09729310388878959,11.305022174993555,1
0.26947743208378105,0.2393890825310104,3.977404459721423,0
-1.9023670323027702,-0.6149410112848938,1.0288508097591533,0
0.7606236831635798,2.3567844384056222,6.557898267268274,0
-1.0513890549776852,1.6707220799166733,1.8681026590861927,0
2.181269093238233,1.2166265728558632,8.117188483101359,1
-0.4600570173216165,-0.6954967944282751,3.9177605585665773,1
0.3289050409288337,0.8242514777478049,2.926920899070649,1
0.1441016741194748,0.25123684237816585,2.1385335044742204,1
0.8199811753448734,-1.151187769038949,6.795097623712857,1
-0.1479398299816992,-0.05312647930853538,11.8448767361535,1
1.0940666674582196,0.7335489799348494,8.22268308577116,0
-0.5177189620666751,-0.7680693057478188,1.6538687335482956,0
-0.16682073582783163,0.9379040279746318,4.503726578513528,1
0.21906550414308212,0.37637588113736853,1.5065280600190998,1
-0.04946028412414011,-0.7673815780696773,1.1643253705816352,1
-1.885755505572944,-0.12854767039921922,12.14987538401327,1
-1.192581402355612,-0.7347207950544874,13.986958845838446,0
1.2114764637174469,-1.4253886368491357,13.477420793435448,0
-0.05490548518289623,0.8757067995468786,2.4234165570357407,1
-1.3986261701196674,-1.3547989282383675,23.883094936010455,1
-0.006745200109386118,0.7311029645656907,2.3466456339761335,0
-0.13977709888567355,0.45134005537497845,4.068100141435168,1
-1.1607644103523866,1.5800386040177838,4.979693876292581,0
0.42722969338030575,1.0737572445513375,5.993936542203602,1
-0.010687196723686565,1.9289910516526603,6.659726286502749,1
0.016439651621521122,0.014278381939607211,2.1351114370744027,1
-0.08612703423661117,0.8606441547076031,1.3776584551194255,1
-0.18736681471709873,-0.1795959181413533,11.616647189801446,1
1.396299891033956,-0.32340167102374784,5.0652217717208785,1
0.33118545525506365,-0.33224215443942284,2.3906953935432225,1
-0.5476922666283114,-0.9235989475113355,10.929362229957096,1
1.058320667580844,-0.12807089429280333,9.264092334346405,1
-0.3802205654683102,-1.3104795116613723,6.072232362934454,1
-1.210026913490417,-1.87569203708562,0.5208497134899563,0
0.43452429760934685,1.6440004904245917,0.49608750823012593,0
-1.079732033101652,1.0626700813621286,9.924354873870325,1
1.9142359899022656,-1.6391661151040768,10.729747316451972,1
-0.5023869780587815,-0.8878751090529791,1.0346546597409387,0
2.115244136397197,2.0625548738128567,11.89549233022982,0
1.7664758884333074,0.8757036182112906,4.8722635969408055,0
1.3619977242404238,0.5919613714004072,11.52451236786755,1
-0.6151519054884951,0.4167570943288429,5.510813593816311,1
-0.7255420974754705,0.2238219582667738,7.075487460342826,0
-1.1156842904803574,-0.6667027413855616,8.168852016707339,1
-0.594038033617369,1.9725816466461743,3.0658392426114824,0
0.20318469715394116,1.420024927598511,9.540827785741925,1
0.8866645608029462,0.28138063960945636,7.476010544526387,1
0.1656900280718738,-0.15940763412025488,1.0813671626894514,1
0.6491555508620351,0.25910624947365457,9.437616980282193,1
1.5157826773410996,0.6758933056543182,2.475881306994712,1
-1.3765109945942298,0.16995423115616037,8.413669567481053,1
0.4785926367813812,0.3394248781081455,10.273649823699687,1
-0.5982682082867032,0.10263638028441038,10.17744692723305,0
0.07962145578046897,-0.26697279858660505,1.641590333912272,1
-0.30160516842980994,-1.0672617539324059,6.161841585819586,1
-0.8079907858456038,-0.4375760056012851,9.733814849268096,0
0.23345837084489396,0.026747256166637548,4.817618808749032,1
-0.4287751543299162,-0.790909033523636,6.499140745153057,1
-1.479084361151048,-0.9222367940811448,9.586083479447144,1
-0.19588928587020962,-0.13059973514119494,2.708512741665033,1
-0.4081497815000221,-1.4658008870522712,18.296120399277193,1
-0.5758967275354538,0.855690005758941,13.634595989992505,1
1.627078778666942,-0.7666795424204773,1.3647638028994493,0
1.1288864333422057,0.8527607707668846,9.99481534255954,1
0.3934964753851399,0.2664775837783718,6.121376262452437,1
-0.03281234436830849,-1.2705589477857422,1.8919020185237319,1
-1.344605742178334,-1.4086302280758585,6.922116911799625,0
-1.850541706773842,-1.0854875875636094,10.90839979040413,1
-0.44051457738338007,-0.48116239614144357,3.322807296117876,1
-0.14925114444996676,0.2978969349176753,0.3432698441694096,0
-0.6509629764201109,1.1841607388989677,5.766346803916975,1
-1.9664196301303307,-1.6557811837597984,5.965684789296622,0
-1.1635635788724397,-0.8761417911882976,14.704495762629822,1
-0.8057221176252731,-0.5105723032231457,12.06777545489927,1
0.8661506072349148,-1.1045090308063985,10.482061707522357,1
0.7371265808865048,-0.1394628967917002,8.383545653840814,1
-0.7413723438508472,0.39052343699148856,5.142481960536716,0
1.7956750140893103,-0.7306600825968059,4.707647974172544,1
-0.1394564605171967,-0.3249577021320657,4.846518596208283,1
0.26072139533136357,0.5572788751567997,5.419764030323897,1
0.5586031186946068,0.42080586036695317,9.347061591176193,0
0.02952095772780354,-0.16978216727119683,2.9462209713164507,0
0.6335264865791719,0.367512655982676,4.279514832560306,0
-3.1322119188025943,-2.2190649779948552,14.659182795946963,1
0.4213582756619204,0.8600653378512766,7.122030008983467,1
0.7154448524463815,0.9223205924055057,1.004019678635399,0
-1.5065603620173085,-0.23504915220064926,11.453789984229834,1
-0.7666508482027798,0.6040735994559395,10.19612844796944,1
0.6319538837434142,0.3955496891018295,8.697876186036966,1
-0.6650236979772577,-0.1281755833692516,3.2179861534111094,0
-1.2004637593292578,-0.8038051380802133,4.158954042201042,0
-0.7956392543790425,-0.8450424741940467,16.309308082645416,1
1.3260036357924174,-1.1256048475970928,6.609750184672317,1
-0.4996280825012851,1.3038198610674738,4.592861825347158,0
0.9471138279758688,-0.3782109119453204,6.252801747217552,1
0.2025778392797587,-0.7099306397765959,2.59805742811098,1
-0.043598437009187786,0.1511413667040361,4.55215976751014,1
-0.6456816273051413,-0.18666259565076804,4.349446605799643,0
-1.8015480358473477,-1.2387303077803586,14.440625049552715,0
0.4549076807184956,0.2657058061762708,2.1560345565514223,1
2.181682282115519,2.1594285158005153,7.441609350761859,0
-0.47031200214549423,-1.375170662464405,29.955194564192897,1
0.9301061574135241,-0.754462338943261,8.72414086104486,1
0.5050569612065641,-0.3044964645257381,8.934439322632738,1
0.6461360893114754,-1.6076486169009867,3.0695133397810697,1
0.21808519263170478,-0.12518869634621163,1.8157163784764854,1
-0.6567418652685285,-1.774950011151661,18.219805651522798,1
1.125511516421188,1.6364271815294171,10.623793661198071,1
0.7653573163520172,0.6570894462490275,2.6162764905758817,0
-1.1119807697461377,0.5564253682236511,4.725851585614192,1
-0.673523424631374,0.22357498589801827,19.50158844128317,1
-0.24842713549183104,-1.6421828267584957,9.461316152065043,0
0.40466725836650363,-0.11928523183473291,5.014434953975248,0
1.0369585633151055,-0.6526134434307159,3.528254431961439,0
0.23292022137313861,1.3879499677715743,4.517407125529481,1
-0.7604034425401395,-0.3875580490881952,6.295108446080194,1
-0.09543230531256042,1.1336930258878022,5.816680199184514,1
-0.9203682884462175,0.4952839774980509,10.032059212824503,0
0.21223867720384382,-0.5086060800761398,4.068322127559539,1
0.27297300672424213,0.18826888502805564,3.691139325578185,1
-1.30393625839575,0.3946113664845333,11.702964589257524,0
-0.8165390527233303,-0.8063976978509294,0.9942656633789727,1
0.7693764557074654,1.554420045106822,12.195210700446363,1
-0.43133139223629874,-0.25352105022445326,7.2770561878269415,1
-1.102812770137715,-1.5561121945514529,1.3904177976180052,0
-1.9693829937672684,-0.7633146135255553,11.48075609504854,1
-0.4441300930703825,-0.27907121189835926,5.165880261588871,1
0.7053742973812247,0.6088110472544254,2.330934370317502,0
-0.48078443055695513,-0.5072949862960129,0.14806919731149473,0
-0.920337169294142,-1.5826047018530693,13.333185909035555,1
-0.7261669165857464,-0.8348778644159858,17.266549249210605,0
-0.8441143771883162,1.115038674699471,3.103596713001248,0
3.3665973136372838,0.8688623024905833,4.491722740653851,1
-0.13386090687788782,-0.9074396860617799,3.9492948280123863,1
1.0452430697531994,0.09334807392579714,11.095895439399122,1
0.0024783419827071884,-0.8199081173043727,2.500119895238435,1
-2.2860894888368217,-1.22871797139751,3.007377358479876,0
-0.1873424699496522,0.11968742711940292,18.028320340518814,1
-1.0198388165843426,-1.5547100037570583,10.421411076915062,1
-0.007677292540035539,0.07283052305655913,1.0499050345311554,0
1.723224854026011,0.9347204809999232,5.58418363955536,0
0.6963098906590088,0.9330793760786165,10.360943821358282,0
1.455987931516638,0.03598927160826315,1.1091453789478198,1
2.1023649149950456,0.8142263732828485,10.831799065656268,0
-1.1645193302347123,-1.3245983544663724,22.417359820865634,1
0.3068847608925854,-0.5186686406104122,0.8771138069115525,1
-0.22610604571835702,-0.8218327860036918,9.820045831495959,0
-0.3498145167262355,1.1402296083984491,1.9733026433484862,0
0.022689746328948546,-0.422332721954088,0.8405082683969123,1
0.726852367002085,-0.8831796081744014,9.18393589618287,0
0.48581311997411114,0.8039915002909069,6.012574792746631,1
-2.398864506021708,-0.6942924277964383,2.00117544014997,0
0.03228287064480204,0.14712090799122785,3.505389634604816,1
1.4364266987718504,-0.14760400473797475,6.88277351787835,1
-0.6150313258161527,-1.8568283558361425,16.257974326654075,1
1.9138326857185848,1.1520457237904784,7.956885733097594,1
-0.19911719378394843,-2.3914397622053905,0.27788906612091996,0
-1.6237982708719452,-0.12821736424621355,6.232281790289936,1
-0.7785204552566525,0.5257998578222539,18.792589369258973,1
0.4678832881179745,-0.8958855786659623,9.483156725428625,1
-0.2790930438620566,-2.1224061238274188,6.621254296859637,1
0.3138663279890903,0.7535255779222528,1.000086186159075,0
-1.8330802597807265,-1.288426315249503,6.004758103896722,0
-1.225857386801378,-2.5042267663515636,4.776730396645529,1
-0.03714294603816928,0.38771711639136297,1.568450759598548,1
1.0760730383799326,-1.001378954202112,10.132865377359458,1
0.7780317282600613,1.4353211624751108,13.625936049639634,1
0.18571499687799414,0.7231767859380169,1.7774303489113392,1
0.7485242688168813,1.7015249623720279,11.003605777244765,1
1.3943447802140903,0.7177191665509273,0.038065354397923905,0
-0.7498990862490145,0.5608713179061015,13.076987398993065,1
-1.0528688273299323,0.6100927948649015,10.774736325457777,1
-1.6162484805841426,-0.22749271721517328,6.247766766844246,1
-0.8027959408884846,1.1667920202190418,4.241824081107358,1
0.26954911055271114,-1.3650332954088336,5.40368649032011,1
-0.46953127219777124,0.8612161825682498,5.772249666350978,0
2.0520769968234536,0.7686043883389553,5.793951694798375,0
0.2722243905945941,0.8845989019237311,4.318473227063434,1
1.6346725193799687,0.8998146690238563,3.428557008073277,1
-0.06527972937363807,0.23581353779363962,2.290758241026153,0
1.4114480725109586,2.3952807765929625,3.555087149817393,1
1.4452539863886555,0.2607100783510887,4.161853674804855,0
-1.122926962225452,0.85431822248013,12.003495822697497,1
-0.031372479137263654,-0.6379525185053385,2.9276229935380953,1
0.224209357407148,-0.23168683597489811,5.751083468014302,1
-0.2709689700961453,-0.28947012789124427,2.8928069290802387,1
0.8705148888393952,-0.13679527970511657,8.425416765213008,1
0.0022202992174333025,0.2841351977176384,0.11754744463568827,0
0.08944775628066104,0.6026975092862632,1.1273135746498624,1
0.41008087083240974,-0.27850349872065977,11.203567413879421,1
-1.306101844908845,0.07133077755072659,4.212354105395057,0
1.8508271381656987,1.7302233751253133,8.166531235886131,0
0.35875901356728274,1.2615172869421165,6.409597929980592,1
0.034856996961222436,-0.1729827720784136,2.5595189970039844,1
-0.9998577963164215,0.4633828064954034,5.837053086618118,1
-0.12373843774356619,-1.2164779888803625,3.185228684677649,0
-0.26545160063508877,1.557443691762552,5.946585763135072,0
-0.18768641424388488,-0.061532510218121325,11.395236751251018,0
-2.2192886519416466,-2.788637776432499,11.585373000263,0
0.13029775233878943,0.9509999695627145,2.344290220970947,1
-0.6237299338948131,-0.7043724695901901,13.177519672156935,1
-1.4793720796814356,-1.1464815785718154,8.393578310604548,1
-1.51260771604904,-1.6099611661925242,10.97574859626059,0
0.07476840765818685,-0.55320013023039,2.741827613340831,1
-1.1783301243910915,-1.4504584739944275,19.66621441277431,0
0.5014059656791428,-0.26765048655915663,3.598652792137573,1
1.5906009285687581,0.6005455506381384,0.1385257161524514,0
2.553496507829896,1.9656726011055374,18.346775041728257,1
-1.822118619365482,-1.9841583167277164,2.861238283413349,1
-0.7839613346507809,1.0296303722269071,8.829088245234981,1
0.7848748537946213,0.1224281786076547,4.40139091661351,1
0.7337196567703076,-0.6265208351457063,1.2232896857001607,1
2.0985766379435704,0.09782147501598026,2.455952385069761,1
-1.8539207257765744,-1.6193008959774444,2.2181533982343,1
-1.4874091133513407,-0.20604090054912116,13.180666980339888,1
0.14111482231266187,0.8770621851534957,4.306445911874307,1
0.5638045528480915,0.1837006972077987,5.013019428282502,0
0.0371335373074837,0.6524309334584536,2.1714051314304963,0
-0.09748132441935475,-0.7995213286649028,11.880187587587047,0
1.5029854653117134,1.8276336953270964,15.011957888866288,0
-0.8061997833187989,-0.9852937001841389,6.220513348685726,0
0.3129210352337531,0.9648955939106723,1.6802590934662067,1
-2.246039974139344,-1.0727081435648187,7.765192504518296,1
-1.9226484347197186,-1.9268441459879935,21.37332404148055,1
-0.2805113737124937,0.8719103696442527,4.8935382474202225,1
-0.7804776115228924,-1.4978571479404237,4.477098337662414,0
2.3924407756041237,2.055393987078489,6.8738719510361665,0
2.849870624447255,0.4909001048936499,2.8440917945571313,1
-1.7836649774212263,-1.0598682844866512,6.891335680672365,0
0.6601063614671894,1.514500431093027,13.933065125314313,1
-0.3744163913143917,-0.6551980318947357,11.016916890025932,1
1.46399353948471,2.5055791909820027,2.588211643256233,0
-1.0273946178200632,-0.9516818030829417,3.6842258183376226,0
0.5272720225212998,0.5358249729595925,6.979652046120515,1
0.24402292137783016,0.004700450937815251,0.2762275670097995,0
1.057409986413321,2.2558791937584677,6.517110952764105,1
-0.1578121461912772,0.6742283639514557,5.2176942478625055,0
-0.7854047291732822,-1.6137810052341652,0.24616546281273988,0
-0.42941637101161056,-0.0019891166408742555,13.884523932866589,1
-0.33068518175657213,-1.723026319223265,6.995719485710191,0
0.4584625758040192,0.46776725894115034,9.388758456587736,0
-1.792811310334189,-1.4780482951125455,2.725826328930235,0
0.2730490039570448,0.5879615703224894,4.277314008658562,0
-1.0216344524685734,-1.1191895710924489,18.40780164831752,1
0.8300325485879788,-1.012134619717168,5.593541448780769,0
-0.3556806028656542,0.8992765744440853,20.18710207963219,0
-0.5899342075123237,-0.26563881848586945,15.818721315067359,1
-1.222028102912766,-0.630394766641288,8.856126146645204,0
-0.3599516610890151,0.9869711615276242,8.313796673966397,1
-0.35097749847488297,-0.6290766432188055,3.4484010159077187,1
0.32069269495833624,-0.24724589928660026,1.2206953759049612,1
-0.3671949911401916,0.2643461761168174,3.8987634582119197,0
-0.2322448220098543,0.671481863120075,10.140614256536708,1
0.25895695111678013,-0.02288360800184723,2.7136104074078027,1
0.8901557144892069,0.004401844360889751,14.062241505101564,1
-0.2763421531701825,-0.5321001411200612,3.9737171115937637,1
2.471746923288831,1.324232436313077,12.345941399087755,1
-0.9676597146771807,-1.0162127636258023,5.97866314965905,0
0.044910622687722834,1.3678751618095184,3.165970283000696,1
-0.0778548302051989,-0.13349097341788624,2.78279407560939,1
2.4442045774055607,3.127666756116579,17.79535365780366,1
0.5951955668094082,1.5629487678737863,9.245042792487636,0
-0.03188097806185486,0.5676194407504676,3.961640374870335,1
0.7788012070653016,1.2562904673385336,14.374297416149563,1
1.070845779935488,0.4008026634850513,8.3668278673451,1
0.1411693346800348,-0.3154284159101642,1.4391678408559736,1
0.6251067925685084,0.7438004269653946,10.488271302056468,1
0.5474567713762967,-0.025145372394691,6.401522251231989,1
-0.5337006879190388,-1.3028781981350521,3.6187761006604564,0
1.0454619479546696,1.1242371065135133,3.1803302422029756,0
-0.17192724725801095,-0.9117550715231386,7.825873528870799,1
-0.7662273325076228,0.1981797822791881,10.777732108851833,1
-1.4906945433834986,0.44820635044048485,8.024875295419703,1
2.1466874699171363,0.3489402192696257,5.667841979251391,1
0.16978288742745418,0.825243555084709,1.622861453260895,1
-2.0750963856801166,-1.6803339557865367,10.91173715358831,0
-0.3012974255005778,0.32609773235072886,7.664463602453223,1
-0.3678969458757716,-1.0747005042708224,15.199568175251775,0
-1.1694042922946644,-1.1655179775913642,8.084591871990302,1
0.36041558839183,1.0385891734201353,3.06428089447719,0
-0.591769014203742,0.5361090679888637,1.5000129156844455,1
1.4331938012388727,2.0852425808116575,8.522765632341937,1
1.8916007024158423,0.30277337274908556,16.762790302406344,1
0.3650716361078573,-1.4616730792308459,10.927358421071729,1
-1.748347140310551,-0.07420418986336252,3.101555868110758,0
-0.03742506776774315,0.02033830270041418,3.993912724372246,1
0.32697771597124903,-0.1887434712098604,2.392322257558814,1
1.4580790138609083,0.38142117345714244,5.3350648540318595,1
1.5552669584566428,1.0374453885960864,1.9209494942963743,0
-1.5355865645705644,-1.244115451011691,15.982424240477872,1
-1.3247841516460683,-0.576870399772482,10.508403901401653,1
-0.7359830708482535,-3.047346824469412,6.154120042335633,0
0.7586006047529829,1.9471336982170393,12.0093149626892,0
-1.1395361392656154,-0.8290388783826148,5.536289614417748,1
1.1981919028339372,1.4993474163236296,11.279944280865863,1
0.5793629865650287,1.4099772606420424,1.4249859532680607,0
-1.8046540542966256,-3.7278680055505005,18.19096754633743,1
0.011245405625434884,-0.40096984688359916,2.129638268220688,1
1.1593304036072791,1.513433440383425,3.8859930961135247,1
-0.2679933535164959,-0.48685921804381693,13.996895213218853,1
1.700720235730263,-0.36981917882815873,3.161134516995852,1
-1.138240593630912,-1.181419936078901,15.904177158573386,1
-1.2551894877005072,-0.9386738707146127,4.73061458145961,0
-1.0173286169058107,-2.0835598585108683,8.710116701342304,0
0.5498278534491621,1.3641488598093787,6.402044654886707,1
0.44070757676117056,-0.0765196930976067,7.4762118488090925,1
-1.0109058320336237,-0.44112887874696743,8.827970323184148,1
0.019501505319078738,0.4958888928128401,2.4246573939550005,1
-0.8316737820878355,0.21754568165167493,2.6885717520928543,0
0.48250720020997845,1.2613778039300876,4.6511150881761845,0
-0.645051587274945,0.2013248133030256,4.6595566568190065,1
0.7796897129660669,-0.09785113950779667,1.8121951860953642,1
0.9353516551706592,0.9282078891886498,3.0773282689839427,1
1.2401725329708713,1.1303694637477097,6.256892851084648,1
-0.44358855537411745,-0.4580628907103896,5.593829272224406,1
0.147733807570263,-1.1740970053516162,4.49123473209953,1
-0.097125903574235,-1.6935134498465425,23.766467430422473,1
0.1452621162336192,-0.6310285479235942,1.2709355980675756,1
-0.23284016840265956,0.7049320854275476,5.857064235822069,0
-0.49744019802694484,-1.6649677150014326,6.518048093989774,1
0.2804620012051242,-0.1885108147358271,2.3977041107741686,1
0.31363442783139284,-0.614119755452021,5.045019540050682,1
-0.5092736042328007,1.8588185190643038,3.9146604430223837,1
0.5623989534690864,-0.6272549615715004,2.9485457978696217,0
0.16334541167864453,0.20765705795501904,3.5299034340639897,1
-1.1434520759159175,-1.4884901656538434,5.618748857211122,0
0.4134281485911755,0.7167645241986819,2.883246310894676,1
0.06149925855199245,-0.7582940366395203,1.9209602468455824,1
0.5617632860242641,-0.8020958172927716,2.84221278713182,1
0.5106208863036575,0.38981880178410583,4.547964294696194,0
1.0767865344076362,2.0329980865302493,0.9933669899210332,0
0.922378804630622,1.155325164774291,4.208500795869457,1
-0.2091330052913991,1.967317465511114,10.768859517407998,0
0.20007191303700073,0.8016723843625324,1.469441442035645,1
-0.7687088780642454,-0.692774577135645,4.235034483929872,0
0.202806336554277,-0.48714422798088375,4.02352943733753,1
-1.1250448014773093,-1.6309432465921194,7.4876056463333285,0
0.37100576800195956,0.43314809067998633,9.959388391246284,1
0.7967665316813692,1.438180421701086,6.70365107567056,0
-0.8681681168662823,0.3841241525083354,7.33406054620267,0
1.3181148924012538,1.6506811012890874,29.157086610203834,1
-0.7589997649904359,0.46996928102692126,8.529755065939131,1
-1.2238558013553011,-0.3091408086092259,7.109595915391536,1
1.0609479977667742,-0.19647631717330072,2.772897844174845,1
0.318222539757153,1.319970778236306,3.509091016851812,1
0.00980205229274933,1.1143508387429664,3.403602514019222,1
0.9986282734614531,0.09448695855458239,2.7298789248218003,1
-0.9781323521292936,-0.06852965760957086,1.772467620766542,1
0.6691512361447721,0.6665106142846645,12.413286033152662,1
-1.476092123834663,-1.2350501398444291,5.44450355393202,0
-1.6833872284786895,-0.36980689974723147,6.36225994128497,1
0.5481435631127018,0.22066164941593785,7.753164380979805,0
-1.4558119462977768,0.18090291053371,2.5994034983277015,0
0.5506430348902571,-0.4063986432102286,8.462932488690644,1
-0.297597446907155,-0.7605137098138853,6.632082559629648,1
1.3369130667968836,0.01406440669721909,6.928670306683226,1
-0.4297574266654151,-0.18789388125952372,7.0663088458188845,1
-1.6640401359875128,-0.611558077384851,18.28971154144492,0
0.20341829082812146,0.040655896776981795,0.7034004814928001,1
2.549257905826073,0.8423401155060971,6.69491879164868,1
1.043749151609535,1.3941391779972827,0.6983109605871652,0
-0.6505120247101787,-0.6811999767243941,8.745569313111671,1
-1.2762416439779845,-0.4021479832768308,7.0966610541276225,1
0.46943141566270985,-0.2229162520198839,1.797825644346242,0
0.632724208171619,-0.9862351939242767,5.970711254758921,1
-0.2413627710718429,-1.2481381811416452,11.637441689993107,1
0.9642773925591375,0.16230912632597083,4.244041014139067,1
0.16789017868445968,-0.4861429781358986,2.5383225406600625,1
-0.3742844629071641,-0.029887896134035002,13.212681201687795,1
-0.03254415024003132,-1.3529251444762305,6.493062317332525,1
-0.2521373414167136,1.613217488560113,7.469602641229507,0
-1.1867038335276938,-1.8152776969499187,29.13001950399784,0
-0.20222353292632,-1.2839609280240862,5.758873452590319,0
-0.716188813193662,-0.617841171297309,9.950892432035987,0
0.5478258289739085,0.17293772387638817,1.2841591117155968,0
0.33434206019053725,1.582859122986486,8.609925877673973,1
0.43398298351683834,0.13936553705799673,9.012518891911336,1
-0.10494292546714923,0.6497986614362479,0.7775116609925449,0
0.21805484547245468,1.24862336875855,4.486755906072219,1
-1.0308272689420854,-0.7061554964560852,2.176255781137661,0
0.6915081914475243,1.604994378592701,20.16723273114273,1
0.044872611005451035,1.4161654034061382,6.429341980387808,1
-0.8807944192916455,0.11804424450710282,3.680734504272452,0
1.1715359461380634,0.10994366580141268,4.390653378380186,1
1.0461553948657776,0.10683157687164596,2.0408241824170843,0
-1.194437403079326,-0.48522787135981144,2.1183735480687726,0
-1.695598177329794,-1.2744316652023813,5.763042960500549,0
0.4870029667956307,0.07852541288817708,5.984720756474797,0
-0.294525128416296,0.6380465740447202,1.4864841601569414,1
1.0068824483559191,0.20542916121175908,10.460104082634418,1
-1.7832601573109286,-0.6235488600389911,3.748320136103725,0
0.6117149316743821,0.001071433332823668,5.053165456275933,1
-0.9992240595055828,-0.058968450878782885,5.115233779385352,0
1.3422765755514543,0.8490837940981883,5.878170262846048,1
-0.641946365221181,0.5515536982185608,0.9429284062123872,1
-0.43491380397544804,-1.3116307900444952,0.040268354847235004,0
-0.3472352154202297,0.37850747669758916,5.596683980732335,1
1.1190552308381327,1.162802165297414,2.532099013809697,1
0.7075225180138567,-0.6730599757719739,3.3942153672175457,1
-1.3180588427127717,-0.8136082731612891,6.390354703864864,1
1.049252373757922,0.537479754125795,4.420907570545544,1
-0.47632812596200014,-1.8752428270045398,3.269230122604774,0
0.3981261682122013,0.7422819111138376,5.863849381103453,1
-1.1353983418412712,0.6360647591090247,7.64571162128467,1
-0.5507043359385733,-1.5205998917126369,8.423150086038111,0
-1.0768330385908864,-1.5623756233971262,9.410732395703185,1
0.05352279865531717,0.9254890837209353,2.1954502154367277,0
-0.5403390725558803,-1.6240075283348405,7.0501326523650345,0
-0.9101636809775593,-0.6112383052655768,10.49147254541801,1
0.7324377704485185,0.293712742359106,1.0123014386697873,0
-0.8757228980145524,-1.1022453789842397,15.884218882915263,1
-0.8332060260474013,-0.575055604756864,1.1063346505693266,0
-0.6361231309471779,1.119936030013814,1.5409381335715764,1
-0.057366928999053636,0.13203040840042907,4.432757492872553,0
-1.8463113095108519,-0.5108491907452267,10.648415482198724,1
1.648554415940505,-0.09554335761807242,3.082753996868035,0
-0.32559759079605977,-0.816348545513959,8.169356082205246,1
1.6619981134348765,0.4351109912223502,4.139828282883976,1
-0.2508786983822552,-0.058460060829664234,1.7670383145971753,0
-0.5864733938659961,-1.5950451113261175,5.6209625437369155,0
0.28665038266310894,1.7674513410864123,5.238584936336056,1
-1.544087446872041,0.5128570474467562,5.748804181771054,0
-1.4380787433311677,1.2061059729508707,13.646025878511782,1
2.5006577313609775,0.7603648562550335,1.552551171192737,0
-0.8619008980524706,-0.28063389607354533,8.921056768305592,1
-0.6576627671397809,-0.459523978551476,0.7292316652463684,0
2.3135293839465847,2.4085501107942013,9.31279868586515,0
-0.4555515632537108,0.012302120777008374,4.218731340842494,0
0.46746096322597763,-0.02571822921575284,1.5555107033574973,0
-0.4937670335997719,-1.9243935259825307,6.996750019986576,0
-1.1718091187249406,-0.46381437479130744,3.6667291622252947,0
1.391067878673936,1.435267521530276,10.935519563478994,0
-0.21050494002427622,-0.3683097298082148,0.993395144123073,0
-1.283689467557541,-1.4794524070248578,0.577362893129715,0
0.2783643431816025,-0.40975109944405846,1.2317182746103108,1
-0.7345348924670208,-0.013551913369506674,4.44414475671516,0
0.42155822634595275,0.6250226728957509,0.6107396805615057,0
-1.174515755115051,-0.5096197801824369,13.25742524007939,1
0.9067860787590277,-2.4274418900732613,17.04072905022665,1
-0.12317847629874773,-0.40346591022424094,10.312837917199547,1
1.39300653712412,1.2276963625537711,4.900801033967738,1
0.38443424386603336,-0.09807278351173107,1.9507663929573238,0
-0.9818692564679596,-0.15794758768554068,10.161553805849104,0
-1.508860873561052,-0.91977838700028,13.802273631921228,0
0.20564064239547242,-1.0541719822757056,3.6395703885368307,1
0.1452814224169927,-0.6618654568090667,5.9353040631432865,1
0.7542417777827869,1.8764269763799106,13.606694040402909,0
1.9965643385841283,1.0550925450241655,5.835356129814307,0
0.06517458529915553,-0.26108300293793574,4.072697918097053,1
0.03701022220480453,-0.08073050170320675,1.361085946534625,0
1.1604938597461516,1.5772540153717067,1.6986844730120338,0
-0.09191755461680129,0.41466512797989186,4.7640731329374235,1
-0.05656716601319203,0.2289173018306434,5.577005275699305,1
0.8713160880256781,-0.3291321253210812,6.430297115671005,1
-0.3089783807395007,0.9724848733454148,8.598522116900922,1
0.4484541936977049,1.1340657755923063,7.477363406391202,1
1.279357772309777,2.1169665252819434,3.266573798902678,0
0.5924417248100633,0.35143727438542083,1.658505005277342,0
-0.9753399812898622,-0.24298265742542347,2.967877075499549,0
0.8531144326972365,1.380207460811693,5.233358156466724,1
1.0638709673255105,1.3404510639600973,8.106520102208192,1
-0.03515710696633678,-1.6941367404037244,1.8687609439652726,1
0.5907490202522704,0.9031506049217206,8.27328572163348,1
-0.05971492955143287,-1.4665915572600405,3.4841147035610476,1
-0.6623244583572341,-0.08282448096647865,27.338804355261388,1
-1.0311677128436232,-0.6798844136805992,9.183253705324473,1
0.7397108537387974,0.12832240333848188,9.382878448591763,1
-1.244664022355228,-0.5979323923833287,18.998357176958656,1
0.39437269590121715,0.41445193382948414,5.000499352284533,0
0.5128466786623442,1.8712499221047327,5.414643981852171,0
-0.005307148173302356,-1.9413985204463813,3.4874141436437807,0
-1.8781121522481266,-1.4799870844469034,9.715690933155901,1
-1.3677622412004875,-0.29875426561132157,12.648537331456238,0
-0.9466407931663814,-0.8259692400532664,0.8282145463762745,0
-1.114777603394378,0.5950284162326469,8.27705080907854,0
-0.9185273776843186,-0.4025969630909052,6.45984947781368,1
-0.6340914186740623,0.21475995470175951,20.524743019731783,0
-0.500953922723109,-0.08350804977609294,6.710957309112395,1
-1.8518599648366005,-0.11888109309687767,14.961895287552021,1
-0.20690656520937561,-0.8467681594522857,23.95264629761784,1
-0.2922356428583878,0.33798103178563277,8.865161905196807,1
0.5268446293546399,1.2444034100880992,7.061422274383224,1
-0.11337237451541883,-0.2458374502946782,6.420756830508419,0
0.19425666098579153,0.03604754341311649,2.347231141798805,1
1.104356040463948,0.6917716447631761,8.497898105531933,1
-0.3203612849886418,-0.5790346888030354,12.429681434504337,0
-0.9282849498144989,0.15005753107478492,12.48562861097482,1
0.6016802112144221,0.41463428930461654,0.9393018804984601,1
-1.3135212197334636,-1.246519568516901,16.971994261011545,1
1.4827821416564793,0.7521230925167869,3.309863828478232,0
1.3906529560674636,0.8580132720054425,12.684301668101192,1
-0.27794012694994213,0.7476363369589781,7.8418069379805075,1
-0.22667716775961572,0.8420657241075686,19.753618219286373,1
-1.6111782158790493,-1.5315522931191756,7.573710784395119,1
0.13307277837615122,0.27243019312026595,5.698209772909405,1
0.5327114796385104,-1.3920248129221764,5.242478918826219,1
2.4965367111205623,1.6645959168049482,4.09960659319028,1
-1.5631255424108015,-1.0273221754151745,8.009593557701395,1
-2.542498398467581,-1.289520978941366,3.7542549915509227,0
0.5321662808917372,0.631286410653447,2.2930251382764757,1
0.8577621065815675,0.7817257448810117,5.612825925517023,0
-0.28555170586687745,0.14390522523483495,18.048105041769315,1
-0.6078901790240568,0.840381158406903,14.029343726580684,1
-0.45738653095055154,-0.6263585731081105,19.08313420922797,1
-1.9707975575991288,-1.446332246441806,2.317931962557176,0
0.4760599193682915,-0.2744624586477501,3.7095139011037315,0
1.1318890526911694,0.11848718695706739,3.749346614430618,1
0.05478917681858542,-0.3638418481362083,2.9639186702394933,1
1.8679625487880323,0.7172640921343052,3.7703272175903377,1
-0.26301980454403145,-1.260180705348651,5.977221935648089,0
0.2383319743047361,0.2375195334423468,2.3901140593925545,0
-0.9409731531175356,-0.11774004243832503,10.892246690804901,1
-0.13851754690097118,0.32741017913755077,17.522060473392226,1
-1.1524859662542914,0.9715847365897886,2.564257235656633,1
0.5661576711932869,0.8095786154507063,2.784016469781259,1
-0.7958661175858324,-0.9463349934135542,11.371554603488885,0
-0.5639336281586285,-1.5294891338832426,8.613092989239275,0
0.8607437637402112,0.4972973797332822,1.1387671580177785,1
-1.0040730717214976,-0.7064611960563779,11.71430020980263,0
0.4571639975800399,1.9492658813647932,12.389704946929063,1
-0.8559018328459038,0.7332390208205155,25.581471026962305,1
0.2972270900050795,0.13392297272672637,2.7379567269479965,1
1.5940275930552184,0.3024527358741552,4.293799974939464,1
-0.9785671167534735,-0.609322723003431,11.418825309654185,1
-1.5492325439604229,-0.1830820650026308,10.180815757030953,0
-0.739305562808767,-1.8353804406781316,15.68490260510315,1
0.6895210916363816,-0.8919835776928937,12.401069392846713,1
-0.6292025173144943,0.45548634469485605,7.057890835804908,0
2.3842741459315233,0.861436352677676,1.6804519569375025,0
-1.485838958091475,-0.5011080698985988,7.070446859560109,1
-0.5027030816141139,-0.6005788052695129,10.651300773710556,1
-0.2168315221896812,0.660856769028968,3.1904824704653425,1
0.14709128081037726,1.630638920735949,4.338301027614186,1
-0.253041149517213,0.45241074416916305,6.100917534876099,0
-1.3236688635827247,-1.4293831114323179,2.8477751364552804,0
1.5295752895775465,2.0067249447245654,6.000379358849778,0
-0.57232523380263,-0.786958829883643,11.763619862068989,1
-0.3051030893948027,-1.4768274854133403,2.865717552019434,1
0.5638685204648832,-0.9623779254702924,8.0017157950618,1
-0.20097114183013226,0.7426981844391473,5.097587492988973,1
-0.11499565447971805,-0.38537215322701945,5.625213429799317,1
0.8878734538407291,-0.7834899665534099,2.9780799166193948,0
0.20818379457954717,-1.1844295515077194,2.5725804822161265,1
-0.5686887543030454,-0.43219335420392535,7.752711702632168,1
-0.5992242694473536,-1.255955142193011,15.176102877913895,1
-0.9807884396462956,0.14413861471529382,5.707309060165679,1
-0.12744243521530163,-1.1942645680232806,8.889423980566246,1
-1.4302142714479469,-1.0370865946597325,0.7151861306737359,0
-0.4000341662067296,0.7749733115962922,11.220047792902577,1
0.4873175123072777,1.5535054465184843,0.38641847468552804,1
-0.19976188494380856,0.66052819144616,12.33392554353327,1
-1.0111415054572985,0.0032224879545129648,9.713662417705226,1
-0.1489576326643261,-0.44248342044630073,6.083847180770788,1
1.9567043782190763,0.5463092684250812,10.672999341011938,1
-0.4706031067581096,-0.2824956842986271,15.03100967903945,1
1.922136267759699,0.43692577339245475,8.419407673622239,1
-1.2355986334839106,-0.5163274281989814,3.6011190199702248,1
-1.276408782109399,0.218371048743632,7.083182008691378,0
-0.08344009195884294,1.2208799608039698,5.417724215786181,1
0.5194098780647654,0.6627100975676506,10.496328641469628,1
0.2931641160847691,0.349799740441547,2.6346572895762277,1
0.7749622897922688,1.3436829991008645,11.661609546312462,1
0.08598114315234842,0.10557948417296044,2.3531218684476034,1
1.7706782356859714,1.9764518319895121,10.790001805508746,0
0.8574903898441342,-0.6931436703494736,18.178683379677416,0
0.8871941323312698,0.7850526790161348,3.469521115658545,1
-1.6472161120758766,-1.5407422587278026,8.84948054337909,1
0.42859196960825713,1.3669728905066134,18.071031163721248,1
-0.19099813336830862,-0.6073177809919964,6.04975269266399,1
-1.6760743063813572,-0.8770949830252355,0.33890729815594073,0
-0.5596634857623421,-0.9429065625217183,10.887717961774134,1
0.04472609578459841,-0.9815808766183802,2.347892459753194,1
1.3983971261684358,3.017746400490605,4.683414956608407,0
2.4697409790736273,2.2658263502352023,9.646921501491253,1
-0.6311699750655642,0.18623154676651651,1.6836331564352962,1
1.0741327824097002,-0.48206768351949486,1.676019370054295,1
-0.0627801025232001,-1.2249854193965923,6.50271623816233,1
-0.2798120789309671,-0.2963735944413894,11.178099054301693,0
-1.447742387023204,0.6132298795311208,8.663211066094462,1
0.8312541043305887,1.909384208465858,12.278046770185817,1
-1.2739187580061946,-0.2322785336047679,11.597084787626557,1
-0.2627189552720849,0.20285842146661096,2.7585140208476524,1
-0.9850389680163668,-0.5457569528138488,12.336010346082452,1
0.05057759501679271,-0.834613792614735,2.1992836809380236,1
-1.135583879488762,-1.3724464978920374,4.205524890042257,0
0.6007403185423776,1.3227256060554917,4.728461460921729,1
0.7069507676581511,0.13293423786984648,1.4564455136335897,1
-0.558264613865732,-2.5239465702251245,12.007572023509246,1
0.20391831539167038,-0.1577862949679236,7.560986281222711,1
-0.38256024059863697,0.035074230269364626,11.24732894259007,1
0.31639657471431737,0.5963642444836091,2.162410917689891,1
-0.03564019033094584,0.9683310848793729,2.7065493714018904,1
-0.7591616063876638,-0.713737401288265,17.005144524862366,1
0.8175903981570253,0.6624377640413018,11.1118878193618,1
-0.5904379274056607,-0.6567822310609199,4.417004440472494,1
0.21664966268949093,0.7281825020395164,0.17517276190290668,1
-0.6399853679086692,-0.5357498110080636,11.878128558258792,0
-1.423559365676395,-3.2450225355986912,5.712615030048966,0
0.7484226707468823,0.7477087120007484,11.339789623147476,0
0.5868361322492747,0.615360042020208,5.427168400790182,1
0.5920364144352128,0.09090167721281894,5.842621680427532,1
0.4085645846877749,-0.42447930868651207,4.2155167905917255,1
0.9571261315692863,1.0829136906729446,3.5027924443645917,1
0.4564596434698531,-0.2849310766759889,2.7503682930836955,1
-0.04992377465151859,0.7061901664227332,6.692299930490222,1
-0.45102859708343973,1.046181353679518,1.3680474590445493,1
0.6863255239915691,-1.490246711340916,10.395120941865033,0
1.65081711637029,2.1651087592139864,0.8091314694662032,0
1.483332665537752,-0.10696485199408334,1.744796639479955,1
0.48721553663878164,0.00870724517887933,4.9669673465524715,0
-3.0393660518527943,-1.3667813110756843,2.615890865454648,1
-1.5665261877290544,-1.2156988250327614,5.045245963253718,1
-0.0039648370560708135,-0.4964509619056286,3.664089675966071,1
0.03788696921681097,-0.004771489913485905,0.45010734667484725,1
2.0830839783520734,1.2693288805461487,7.706869566814239,1
-0.800887375494094,0.20335256696664833,6.738106020175371,1
0.12868286204254756,0.6257802016737639,2.094704405365229,1
0.48794643194861603,1.0747949480674726,10.626008677381066,1
0.18514060335283616,-0.38076220490138046,1.2408553691386934,1
-1.5722756823929762,0.04159778129584857,6.812083980166968,1
-1.0487496021882703,0.19076823596986814,7.790680256551038,1
-0.75828717862616,-0.21025076750209531,8.235277724906501,0
-1.182288367024213,-0.3621479250922679,6.192591140849506,0
0.36883078327260016,0.27764054237703595,0.6595586859530272,0
1.8031973571374236,1.4492556759993793,7.917294961820204,1
-0.9442081604513738,0.06270957494823431,1.122164977163902,0
-0.3994432095540863,-0.04903112288157316,3.2102673261853196,0
-0.5608666310617074,-0.40688623971755633,11.115782499802297,1
0.3750242594031282,-0.4972668512194912,10.692354773556936,1
0.29107766406134405,-0.30770448982056026,2.5293987832323666,1
0.2470727720051068,0.12935447657289856,5.793127410230795,1
1.4471723584239526,1.38469587368024,8.302453817146546,0
1.81421414735682,1.7665036447130062,7.311012143429762,0
0.34211646404796525,1.5477084640925909,3.192980081996151,0
1.3488448936309938,-0.2640788040135724,5.136118452792531,0
0.8235089417171225,0.5629869319192307,8.166282055387029,0
1.2307433160659143,-1.0018055340475842,3.205106611926953,0
0.7150064194154633,0.41630053982058485,9.04641808780466,0
0.1047691674984017,0.4965112913341737,2.742353933635853,1
2.069143033500525,1.8527745815142542,10.691419860086562,1
-1.9786691643030523,-2.7866366446123876,6.5301087706174465,1
1.4573619896155325,0.30478520004824605,9.303614482691218,1
0.18235170602631734,1.2332486692749292,4.411259979809657,1
0.8098149600620932,0.8335261530772168,2.0894642231690588,1
-0.12041666360154951,-0.8974150812000758,2.13245305929841,0
-0.6894203232969948,-0.4558837571591278,4.351267725756097,1
0.19988156618216005,0.6312235826313445,4.811955221929133,1
0.6664701970449982,0.16504794879668344,7.315393107495297,1
-1.8662587789941583,-1.0400552870303725,7.835538679965993,1
0.09893671612687668,-0.3727933894033936,0.521402679154775,0
1.8054835713071153,1.1090269301101485,4.757273219200346,1
-0.6568194779758001,-0.3584720322097007,4.364290504444294,0
-0.8135325265713131,-0.6388635802201643,6.2771526157690305,1
0.1042671530497824,1.0787171327377365,2.833694803408131,1
0.07861651258217373,0.5372356648361685,3.691925224277408,1
0.7216158205240325,-2.2902314353273314,3.8836962268490183,1
1.2589046550515608,1.0422442302360033,10.623537885481188,1
1.722803222237033,2.1134392252822125,2.9170992216352643,0
1.0246457073149413,1.2915363118170473,1.3989962916534164,0
-0.7632894726694759,-0.2283363530177447,6.441437853609394,1
-1.3926001567174988,0.3233526157039146,16.827957915268094,1
-0.3960271228008408,0.25450161700836693,14.296948958431344,1
0.11343840215588145,0.3567019987965855,0.9838775787644125,1
0.6279226318619566,0.18576163084173453,3.603959617799284,0
-0.42249028802593347,-1.7054677377142298,25.601113737742423,1
1.293859641867873,0.12461670744631748,7.523945284233373,0
